product_ID,product_Name,price,weight,volume,available_Qty,image_link,description,category,subcategory,purchase_window_count,unique_buyer_count,created_at,last_purchased_at
1,"Casual Frocks 1",175.27,800,331,21,https://images.unsplash.com/photo-1567306226416-28f0efdc88ce,"High quality casual from the frocks collection, suitable for all occasions.",frocks,Casual,51,16,"2024-07-30 20:48:18","2024-10-29 05:52:36"
2,"Casual Frocks 2",190.59,503,131,57,https://images.unsplash.com/photo-1567306226416-28f0efdc88ce,"High quality casual from the frocks collection, suitable for all occasions.",frocks,Casual,27,13,"2024-02-04 20:48:18","2024-10-07 20:48:18"
3,"Casual Frocks 3",144.65,425,142,35,https://images.unsplash.com/photo-1567306226416-28f0efdc88ce,"High quality casual from the frocks collection, suitable for all occasions.",frocks,Casual,25,20,"2024-02-24 20:48:18","2024-10-13 20:48:18"
4,"Casual Frocks 4",129.68,657,192,83,https://images.unsplash.com/photo-1567306226416-28f0efdc88ce,"High quality casual from the frocks collection, suitable for all occasions.",frocks,Casual,31,8,"2024-03-17 20:48:18","2024-10-07 20:48:18"
5,"Casual Frocks 5",67.27,545,61,44,https://images.unsplash.com/photo-1567306226416-28f0efdc88ce,"High quality casual from the frocks collection, suitable for all occasions.",frocks,Casual,43,10,"2024-07-29 20:48:18","2024-10-02 20:48:18"
6,"Casual Frocks 6",175.06,441,251,20,https://images.unsplash.com/photo-1567306226416-28f0efdc88ce,"High quality casual from the frocks collection, suitable for all occasions.",frocks,Casual,45,0,"2024-05-15 20:48:18","2024-10-19 20:48:18"
7,"Casual Frocks 7",183.75,586,144,68,https://images.unsplash.com/photo-1567306226416-28f0efdc88ce,"High quality casual from the frocks collection, suitable for all occasions.",frocks,Casual,31,6,"2024-10-11 20:48:18","2024-10-15 20:48:18"
8,"Casual Frocks 8",128.11,668,293,79,https://images.unsplash.com/photo-1567306226416-28f0efdc88ce,"High quality casual from the frocks collection, suitable for all occasions.",frocks,Casual,13,17,"2023-11-25 20:48:18","2024-10-21 20:48:18"
9,"Casual Frocks 9",159.00,661,185,66,https://images.unsplash.com/photo-1567306226416-28f0efdc88ce,"High quality casual from the frocks collection, suitable for all occasions.",frocks,Casual,10,1,"2024-06-24 20:48:18","2024-10-06 20:48:18"
10,"Casual Frocks 10",86.67,445,239,72,https://images.unsplash.com/photo-1567306226416-28f0efdc88ce,"High quality casual from the frocks collection, suitable for all occasions.",frocks,Casual,13,14,"2023-12-13 20:48:18","2024-10-18 20:48:18"
11,"Casual Frocks 11",122.81,592,85,93,https://images.unsplash.com/photo-1567306226416-28f0efdc88ce,"High quality casual from the frocks collection, suitable for all occasions.",frocks,Casual,50,2,"2024-10-15 20:48:18","2024-10-23 20:48:18"
12,"Casual Frocks 12",173.14,507,104,68,https://images.unsplash.com/photo-1567306226416-28f0efdc88ce,"High quality casual from the frocks collection, suitable for all occasions.",frocks,Casual,8,1,"2024-03-23 20:48:18","2024-10-03 20:48:18"
13,"Casual Frocks 13",79.87,173,297,21,https://images.unsplash.com/photo-1567306226416-28f0efdc88ce,"High quality casual from the frocks collection, suitable for all occasions.",frocks,Casual,8,2,"2024-10-22 20:48:18","2024-10-27 20:48:18"
14,"Casual Frocks 14",137.62,215,478,95,https://images.unsplash.com/photo-1567306226416-28f0efdc88ce,"High quality casual from the frocks collection, suitable for all occasions.",frocks,Casual,13,17,"2024-04-15 20:48:18","2024-09-29 20:48:18"
15,"Casual Frocks 15",17.82,571,93,19,https://images.unsplash.com/photo-1567306226416-28f0efdc88ce,"High quality casual from the frocks collection, suitable for all occasions.",frocks,Casual,46,15,"2024-01-22 20:48:18","2024-09-29 20:48:18"
16,"Casual Frocks 16",102.81,448,257,70,https://images.unsplash.com/photo-1567306226416-28f0efdc88ce,"High quality casual from the frocks collection, suitable for all occasions.",frocks,Casual,47,12,"2024-08-24 20:48:18","2024-10-19 20:48:18"
17,"Casual Frocks 17",47.96,402,394,70,https://images.unsplash.com/photo-1567306226416-28f0efdc88ce,"High quality casual from the frocks collection, suitable for all occasions.",frocks,Casual,43,7,"2024-05-14 20:48:18","2024-10-10 20:48:18"
18,"Casual Frocks 18",92.07,210,66,22,https://images.unsplash.com/photo-1567306226416-28f0efdc88ce,"High quality casual from the frocks collection, suitable for all occasions.",frocks,Casual,35,1,"2023-12-24 20:48:18","2024-10-16 20:48:18"
19,"Casual Frocks 19",158.05,389,354,95,https://images.unsplash.com/photo-1567306226416-28f0efdc88ce,"High quality casual from the frocks collection, suitable for all occasions.",frocks,Casual,3,1,"2024-03-11 20:48:18","2024-10-27 20:48:18"
20,"Casual Frocks 20",149.41,738,106,62,https://images.unsplash.com/photo-1567306226416-28f0efdc88ce,"High quality casual from the frocks collection, suitable for all occasions.",frocks,Casual,20,19,"2024-08-10 20:48:18","2024-10-26 20:48:18"
21,"Party Frocks 1",175.38,145,192,40,https://images.unsplash.com/photo-1567306226416-28f0efdc88ce,"High quality party from the frocks collection, suitable for all occasions.",frocks,Party,6,17,"2024-07-24 20:48:18","2024-10-07 20:48:18"
22,"Party Frocks 2",122.35,923,241,36,https://images.unsplash.com/photo-1567306226416-28f0efdc88ce,"High quality party from the frocks collection, suitable for all occasions.",frocks,Party,9,20,"2024-04-13 20:48:18","2024-10-24 20:48:18"
23,"Party Frocks 3",34.06,323,202,49,https://images.unsplash.com/photo-1567306226416-28f0efdc88ce,"High quality party from the frocks collection, suitable for all occasions.",frocks,Party,12,8,"2023-12-20 20:48:18","2024-10-17 20:48:18"
24,"Party Frocks 4",127.93,761,429,27,https://images.unsplash.com/photo-1567306226416-28f0efdc88ce,"High quality party from the frocks collection, suitable for all occasions.",frocks,Party,29,8,"2024-05-19 20:48:18","2024-09-28 20:48:18"
25,"Party Frocks 5",55.63,706,358,82,https://images.unsplash.com/photo-1567306226416-28f0efdc88ce,"High quality party from the frocks collection, suitable for all occasions.",frocks,Party,10,16,"2024-05-28 20:48:18","2024-10-27 20:48:18"
26,"Party Frocks 6",198.60,109,69,68,https://images.unsplash.com/photo-1567306226416-28f0efdc88ce,"High quality party from the frocks collection, suitable for all occasions.",frocks,Party,38,11,"2024-03-27 20:48:18","2024-10-23 20:48:18"
27,"Party Frocks 7",15.45,622,425,57,https://images.unsplash.com/photo-1567306226416-28f0efdc88ce,"High quality party from the frocks collection, suitable for all occasions.",frocks,Party,44,7,"2024-02-14 20:48:18","2024-10-27 20:48:18"
28,"Party Frocks 8",45.56,654,464,48,https://images.unsplash.com/photo-1567306226416-28f0efdc88ce,"High quality party from the frocks collection, suitable for all occasions.",frocks,Party,47,17,"2024-10-24 20:48:18","2024-10-18 20:48:18"
29,"Party Frocks 9",18.55,258,143,29,https://images.unsplash.com/photo-1567306226416-28f0efdc88ce,"High quality party from the frocks collection, suitable for all occasions.",frocks,Party,1,14,"2024-03-20 20:48:18","2024-10-13 20:48:18"
30,"Party Frocks 10",82.47,944,411,44,https://images.unsplash.com/photo-1567306226416-28f0efdc88ce,"High quality party from the frocks collection, suitable for all occasions.",frocks,Party,10,1,"2024-06-16 20:48:18","2024-10-28 20:48:18"
31,"Party Frocks 11",195.94,678,356,97,https://images.unsplash.com/photo-1567306226416-28f0efdc88ce,"High quality party from the frocks collection, suitable for all occasions.",frocks,Party,42,14,"2024-02-04 20:48:18","2024-10-01 20:48:18"
32,"Party Frocks 12",73.43,996,200,34,https://images.unsplash.com/photo-1567306226416-28f0efdc88ce,"High quality party from the frocks collection, suitable for all occasions.",frocks,Party,13,19,"2024-01-24 20:48:18","2024-10-04 20:48:18"
33,"Party Frocks 13",154.01,232,268,51,https://images.unsplash.com/photo-1567306226416-28f0efdc88ce,"High quality party from the frocks collection, suitable for all occasions.",frocks,Party,44,9,"2024-01-16 20:48:18","2024-10-08 20:48:18"
34,"Party Frocks 14",196.35,150,285,47,https://images.unsplash.com/photo-1567306226416-28f0efdc88ce,"High quality party from the frocks collection, suitable for all occasions.",frocks,Party,48,18,"2024-08-11 20:48:18","2024-10-12 20:48:18"
35,"Party Frocks 15",52.09,723,370,58,https://images.unsplash.com/photo-1567306226416-28f0efdc88ce,"High quality party from the frocks collection, suitable for all occasions.",frocks,Party,18,5,"2024-02-21 20:48:18","2024-10-25 20:48:18"
36,"Party Frocks 16",35.85,487,210,47,https://images.unsplash.com/photo-1567306226416-28f0efdc88ce,"High quality party from the frocks collection, suitable for all occasions.",frocks,Party,35,7,"2024-07-10 20:48:18","2024-10-03 20:48:18"
37,"Party Frocks 17",97.28,873,204,78,https://images.unsplash.com/photo-1567306226416-28f0efdc88ce,"High quality party from the frocks collection, suitable for all occasions.",frocks,Party,43,5,"2024-08-31 20:48:18","2024-10-09 20:48:18"
38,"Party Frocks 18",197.70,826,382,81,https://images.unsplash.com/photo-1567306226416-28f0efdc88ce,"High quality party from the frocks collection, suitable for all occasions.",frocks,Party,1,19,"2024-08-01 20:48:18","2024-10-19 20:48:18"
39,"Party Frocks 19",55.69,324,55,86,https://images.unsplash.com/photo-1567306226416-28f0efdc88ce,"High quality party from the frocks collection, suitable for all occasions.",frocks,Party,34,6,"2024-10-25 20:48:18","2024-10-06 20:48:18"
40,"Party Frocks 20",32.35,419,251,21,https://images.unsplash.com/photo-1567306226416-28f0efdc88ce,"High quality party from the frocks collection, suitable for all occasions.",frocks,Party,20,17,"2024-03-01 20:48:18","2024-10-16 20:48:18"
41,"Traditional Frocks 1",116.14,845,362,23,https://images.unsplash.com/photo-1567306226416-28f0efdc88ce,"High quality traditional from the frocks collection, suitable for all occasions.",frocks,Traditional,36,5,"2024-04-12 20:48:18","2024-09-28 20:48:18"
42,"Traditional Frocks 2",164.79,874,245,89,https://images.unsplash.com/photo-1567306226416-28f0efdc88ce,"High quality traditional from the frocks collection, suitable for all occasions.",frocks,Traditional,21,13,"2024-03-15 20:48:18","2024-10-03 20:48:18"
43,"Traditional Frocks 3",122.80,814,157,17,https://images.unsplash.com/photo-1567306226416-28f0efdc88ce,"High quality traditional from the frocks collection, suitable for all occasions.",frocks,Traditional,6,8,"2024-08-19 20:48:18","2024-10-06 20:48:18"
44,"Traditional Frocks 4",175.71,844,424,19,https://images.unsplash.com/photo-1567306226416-28f0efdc88ce,"High quality traditional from the frocks collection, suitable for all occasions.",frocks,Traditional,8,16,"2024-01-18 20:48:18","2024-10-03 20:48:18"
45,"Traditional Frocks 5",156.21,709,242,18,https://images.unsplash.com/photo-1567306226416-28f0efdc88ce,"High quality traditional from the frocks collection, suitable for all occasions.",frocks,Traditional,33,0,"2023-11-30 20:48:18","2024-10-25 20:48:18"
46,"Traditional Frocks 6",23.31,429,308,23,https://images.unsplash.com/photo-1567306226416-28f0efdc88ce,"High quality traditional from the frocks collection, suitable for all occasions.",frocks,Traditional,28,2,"2024-05-05 20:48:18","2024-09-30 20:48:18"
47,"Traditional Frocks 7",121.81,131,325,65,https://images.unsplash.com/photo-1567306226416-28f0efdc88ce,"High quality traditional from the frocks collection, suitable for all occasions.",frocks,Traditional,41,13,"2024-10-13 20:48:18","2024-10-26 20:48:18"
48,"Traditional Frocks 8",124.93,276,52,17,https://images.unsplash.com/photo-1567306226416-28f0efdc88ce,"High quality traditional from the frocks collection, suitable for all occasions.",frocks,Traditional,32,11,"2024-09-26 20:48:18","2024-10-22 20:48:18"
49,"Traditional Frocks 9",171.60,173,174,28,https://images.unsplash.com/photo-1567306226416-28f0efdc88ce,"High quality traditional from the frocks collection, suitable for all occasions.",frocks,Traditional,42,19,"2024-09-19 20:48:18","2024-10-08 20:48:18"
50,"Traditional Frocks 10",181.26,198,89,73,https://images.unsplash.com/photo-1567306226416-28f0efdc88ce,"High quality traditional from the frocks collection, suitable for all occasions.",frocks,Traditional,13,6,"2024-03-19 20:48:18","2024-10-15 20:48:18"
51,"Traditional Frocks 11",83.13,978,147,88,https://images.unsplash.com/photo-1567306226416-28f0efdc88ce,"High quality traditional from the frocks collection, suitable for all occasions.",frocks,Traditional,1,20,"2024-06-14 20:48:18","2024-10-21 20:48:18"
52,"Traditional Frocks 12",151.68,633,417,58,https://images.unsplash.com/photo-1567306226416-28f0efdc88ce,"High quality traditional from the frocks collection, suitable for all occasions.",frocks,Traditional,22,7,"2024-01-07 20:48:18","2024-10-22 20:48:18"
53,"Traditional Frocks 13",99.81,936,167,25,https://images.unsplash.com/photo-1567306226416-28f0efdc88ce,"High quality traditional from the frocks collection, suitable for all occasions.",frocks,Traditional,35,19,"2024-06-04 20:48:18","2024-10-14 20:48:18"
54,"Traditional Frocks 14",19.72,163,98,32,https://images.unsplash.com/photo-1567306226416-28f0efdc88ce,"High quality traditional from the frocks collection, suitable for all occasions.",frocks,Traditional,10,14,"2024-03-28 20:48:18","2024-10-25 20:48:18"
55,"Traditional Frocks 15",181.85,493,309,31,https://images.unsplash.com/photo-1567306226416-28f0efdc88ce,"High quality traditional from the frocks collection, suitable for all occasions.",frocks,Traditional,21,10,"2024-09-03 20:48:18","2024-10-10 20:48:18"
56,"Traditional Frocks 16",102.02,440,440,21,https://images.unsplash.com/photo-1567306226416-28f0efdc88ce,"High quality traditional from the frocks collection, suitable for all occasions.",frocks,Traditional,43,5,"2024-02-17 20:48:18","2024-10-24 20:48:18"
57,"Traditional Frocks 17",70.61,507,167,78,https://images.unsplash.com/photo-1567306226416-28f0efdc88ce,"High quality traditional from the frocks collection, suitable for all occasions.",frocks,Traditional,39,12,"2024-09-04 20:48:18","2024-10-22 20:48:18"
58,"Traditional Frocks 18",154.42,212,471,93,https://images.unsplash.com/photo-1567306226416-28f0efdc88ce,"High quality traditional from the frocks collection, suitable for all occasions.",frocks,Traditional,11,11,"2024-09-26 20:48:18","2024-10-13 20:48:18"
59,"Traditional Frocks 19",56.63,685,418,12,https://images.unsplash.com/photo-1567306226416-28f0efdc88ce,"High quality traditional from the frocks collection, suitable for all occasions.",frocks,Traditional,13,2,"2024-09-13 20:48:18","2024-10-22 20:48:18"
60,"Traditional Frocks 20",98.82,120,490,81,https://images.unsplash.com/photo-1567306226416-28f0efdc88ce,"High quality traditional from the frocks collection, suitable for all occasions.",frocks,Traditional,7,9,"2023-11-10 20:48:18","2024-10-22 20:48:18"
61,"Summer Frocks 1",75.65,460,279,38,https://images.unsplash.com/photo-1567306226416-28f0efdc88ce,"High quality summer from the frocks collection, suitable for all occasions.",frocks,Summer,35,10,"2024-10-27 20:48:18","2024-10-29 05:54:12"
62,"Summer Frocks 2",154.72,862,311,48,https://images.unsplash.com/photo-1567306226416-28f0efdc88ce,"High quality summer from the frocks collection, suitable for all occasions.",frocks,Summer,33,11,"2024-08-28 20:48:18","2024-10-09 20:48:18"
63,"Summer Frocks 3",136.51,276,293,34,https://images.unsplash.com/photo-1567306226416-28f0efdc88ce,"High quality summer from the frocks collection, suitable for all occasions.",frocks,Summer,46,13,"2024-06-21 20:48:18","2024-10-23 20:48:18"
64,"Summer Frocks 4",142.83,947,435,70,https://images.unsplash.com/photo-1567306226416-28f0efdc88ce,"High quality summer from the frocks collection, suitable for all occasions.",frocks,Summer,23,10,"2024-08-01 20:48:18","2024-10-14 20:48:18"
65,"Summer Frocks 5",85.68,954,315,88,https://images.unsplash.com/photo-1567306226416-28f0efdc88ce,"High quality summer from the frocks collection, suitable for all occasions.",frocks,Summer,40,9,"2024-01-04 20:48:18","2024-09-28 20:48:18"
66,"Summer Frocks 6",77.56,664,499,78,https://images.unsplash.com/photo-1567306226416-28f0efdc88ce,"High quality summer from the frocks collection, suitable for all occasions.",frocks,Summer,4,15,"2024-02-21 20:48:18","2024-10-09 20:48:18"
67,"Summer Frocks 7",119.21,205,294,76,https://images.unsplash.com/photo-1567306226416-28f0efdc88ce,"High quality summer from the frocks collection, suitable for all occasions.",frocks,Summer,13,9,"2024-10-16 20:48:18","2024-10-13 20:48:18"
68,"Summer Frocks 8",129.79,214,482,21,https://images.unsplash.com/photo-1567306226416-28f0efdc88ce,"High quality summer from the frocks collection, suitable for all occasions.",frocks,Summer,9,19,"2024-05-09 20:48:18","2024-10-22 20:48:18"
69,"Summer Frocks 9",184.88,199,58,14,https://images.unsplash.com/photo-1567306226416-28f0efdc88ce,"High quality summer from the frocks collection, suitable for all occasions.",frocks,Summer,28,14,"2024-03-10 20:48:18","2024-10-28 20:48:18"
70,"Summer Frocks 10",31.82,466,273,91,https://images.unsplash.com/photo-1567306226416-28f0efdc88ce,"High quality summer from the frocks collection, suitable for all occasions.",frocks,Summer,1,1,"2024-07-09 20:48:18","2024-09-30 20:48:18"
71,"Summer Frocks 11",32.17,906,487,64,https://images.unsplash.com/photo-1567306226416-28f0efdc88ce,"High quality summer from the frocks collection, suitable for all occasions.",frocks,Summer,23,9,"2023-11-22 20:48:18","2024-10-28 20:48:18"
72,"Summer Frocks 12",185.77,326,376,44,https://images.unsplash.com/photo-1567306226416-28f0efdc88ce,"High quality summer from the frocks collection, suitable for all occasions.",frocks,Summer,37,17,"2024-07-18 20:48:18","2024-10-23 20:48:18"
73,"Summer Frocks 13",44.10,937,403,39,https://images.unsplash.com/photo-1567306226416-28f0efdc88ce,"High quality summer from the frocks collection, suitable for all occasions.",frocks,Summer,16,1,"2024-09-06 20:48:18","2024-09-30 20:48:18"
74,"Summer Frocks 14",199.16,314,125,49,https://images.unsplash.com/photo-1567306226416-28f0efdc88ce,"High quality summer from the frocks collection, suitable for all occasions.",frocks,Summer,1,7,"2023-12-17 20:48:18","2024-10-12 20:48:18"
75,"Summer Frocks 15",168.27,505,352,32,https://images.unsplash.com/photo-1567306226416-28f0efdc88ce,"High quality summer from the frocks collection, suitable for all occasions.",frocks,Summer,33,8,"2024-03-18 20:48:18","2024-10-08 20:48:18"
76,"Summer Frocks 16",41.48,125,464,62,https://images.unsplash.com/photo-1567306226416-28f0efdc88ce,"High quality summer from the frocks collection, suitable for all occasions.",frocks,Summer,50,2,"2024-06-05 20:48:18","2024-09-29 20:48:18"
77,"Summer Frocks 17",177.27,278,417,99,https://images.unsplash.com/photo-1567306226416-28f0efdc88ce,"High quality summer from the frocks collection, suitable for all occasions.",frocks,Summer,4,17,"2024-04-12 20:48:18","2024-10-11 20:48:18"
78,"Summer Frocks 18",114.66,542,147,89,https://images.unsplash.com/photo-1567306226416-28f0efdc88ce,"High quality summer from the frocks collection, suitable for all occasions.",frocks,Summer,1,19,"2024-01-10 20:48:18","2024-10-28 20:48:18"
79,"Summer Frocks 19",147.42,736,456,91,https://images.unsplash.com/photo-1567306226416-28f0efdc88ce,"High quality summer from the frocks collection, suitable for all occasions.",frocks,Summer,33,7,"2024-05-02 20:48:18","2024-10-01 20:48:18"
80,"Summer Frocks 20",79.87,129,212,67,https://images.unsplash.com/photo-1567306226416-28f0efdc88ce,"High quality summer from the frocks collection, suitable for all occasions.",frocks,Summer,41,16,"2023-11-18 20:48:18","2024-10-16 20:48:18"
81,"Jeans Denims 1",140.51,480,395,40,https://images.unsplash.com/photo-1571867424485-eeb24de50d69,"High quality jeans from the denims collection, suitable for all occasions.",denims,Jeans,7,13,"2024-05-03 20:48:18","2024-10-24 20:48:18"
82,"Jeans Denims 2",68.01,990,221,73,https://images.unsplash.com/photo-1571867424485-eeb24de50d69,"High quality jeans from the denims collection, suitable for all occasions.",denims,Jeans,16,20,"2024-09-20 20:48:18","2024-10-17 20:48:18"
83,"Jeans Denims 3",195.81,521,313,66,https://images.unsplash.com/photo-1571867424485-eeb24de50d69,"High quality jeans from the denims collection, suitable for all occasions.",denims,Jeans,37,17,"2024-05-03 20:48:18","2024-09-28 20:48:18"
84,"Jeans Denims 4",131.78,617,81,46,https://images.unsplash.com/photo-1571867424485-eeb24de50d69,"High quality jeans from the denims collection, suitable for all occasions.",denims,Jeans,32,5,"2024-07-14 20:48:18","2024-09-28 20:48:18"
85,"Jeans Denims 5",138.59,651,72,88,https://images.unsplash.com/photo-1571867424485-eeb24de50d69,"High quality jeans from the denims collection, suitable for all occasions.",denims,Jeans,45,19,"2024-02-14 20:48:18","2024-10-04 20:48:18"
86,"Jeans Denims 6",179.72,293,184,34,https://images.unsplash.com/photo-1571867424485-eeb24de50d69,"High quality jeans from the denims collection, suitable for all occasions.",denims,Jeans,44,11,"2023-11-19 20:48:18","2024-10-27 20:48:18"
87,"Jeans Denims 7",27.14,973,130,41,https://images.unsplash.com/photo-1571867424485-eeb24de50d69,"High quality jeans from the denims collection, suitable for all occasions.",denims,Jeans,19,20,"2024-10-26 20:48:18","2024-09-28 20:48:18"
88,"Jeans Denims 8",101.82,251,439,36,https://images.unsplash.com/photo-1571867424485-eeb24de50d69,"High quality jeans from the denims collection, suitable for all occasions.",denims,Jeans,22,7,"2023-11-21 20:48:18","2024-10-20 20:48:18"
89,"Jeans Denims 9",186.91,468,149,11,https://images.unsplash.com/photo-1571867424485-eeb24de50d69,"High quality jeans from the denims collection, suitable for all occasions.",denims,Jeans,33,0,"2024-04-01 20:48:18","2024-10-06 20:48:18"
90,"Jeans Denims 10",35.26,485,311,20,https://images.unsplash.com/photo-1571867424485-eeb24de50d69,"High quality jeans from the denims collection, suitable for all occasions.",denims,Jeans,7,15,"2024-10-13 20:48:18","2024-10-03 20:48:18"
91,"Jeans Denims 11",168.04,278,470,48,https://images.unsplash.com/photo-1571867424485-eeb24de50d69,"High quality jeans from the denims collection, suitable for all occasions.",denims,Jeans,4,20,"2024-08-31 20:48:18","2024-10-16 20:48:18"
92,"Jeans Denims 12",118.06,408,173,51,https://images.unsplash.com/photo-1571867424485-eeb24de50d69,"High quality jeans from the denims collection, suitable for all occasions.",denims,Jeans,40,17,"2024-07-22 20:48:18","2024-10-15 20:48:18"
93,"Jeans Denims 13",104.34,738,323,88,https://images.unsplash.com/photo-1571867424485-eeb24de50d69,"High quality jeans from the denims collection, suitable for all occasions.",denims,Jeans,25,10,"2024-05-31 20:48:18","2024-10-10 20:48:18"
94,"Jeans Denims 14",27.82,917,299,90,https://images.unsplash.com/photo-1571867424485-eeb24de50d69,"High quality jeans from the denims collection, suitable for all occasions.",denims,Jeans,41,10,"2024-01-06 20:48:18","2024-10-11 20:48:18"
95,"Jeans Denims 15",20.01,594,363,24,https://images.unsplash.com/photo-1571867424485-eeb24de50d69,"High quality jeans from the denims collection, suitable for all occasions.",denims,Jeans,34,18,"2024-04-07 20:48:18","2024-10-08 20:48:18"
96,"Jeans Denims 16",61.09,623,148,10,https://images.unsplash.com/photo-1571867424485-eeb24de50d69,"High quality jeans from the denims collection, suitable for all occasions.",denims,Jeans,2,0,"2024-08-02 20:48:18","2024-10-27 20:48:18"
97,"Jeans Denims 17",146.91,839,204,38,https://images.unsplash.com/photo-1571867424485-eeb24de50d69,"High quality jeans from the denims collection, suitable for all occasions.",denims,Jeans,3,9,"2024-03-22 20:48:18","2024-10-22 20:48:18"
98,"Jeans Denims 18",137.36,299,167,52,https://images.unsplash.com/photo-1571867424485-eeb24de50d69,"High quality jeans from the denims collection, suitable for all occasions.",denims,Jeans,45,1,"2024-01-26 20:48:18","2024-09-29 20:48:18"
99,"Jeans Denims 19",178.35,709,479,73,https://images.unsplash.com/photo-1571867424485-eeb24de50d69,"High quality jeans from the denims collection, suitable for all occasions.",denims,Jeans,38,13,"2024-08-17 20:48:18","2024-10-14 20:48:18"
100,"Jeans Denims 20",47.73,591,216,54,https://images.unsplash.com/photo-1571867424485-eeb24de50d69,"High quality jeans from the denims collection, suitable for all occasions.",denims,Jeans,24,20,"2024-01-11 20:48:18","2024-10-20 20:48:18"
101,"Jackets Denims 1",103.42,326,277,59,https://images.unsplash.com/photo-1571867424485-eeb24de50d69,"High quality jackets from the denims collection, suitable for all occasions.",denims,Jackets,0,11,"2023-12-01 20:48:18","2024-10-27 20:48:18"
102,"Jackets Denims 2",27.15,889,103,62,https://images.unsplash.com/photo-1571867424485-eeb24de50d69,"High quality jackets from the denims collection, suitable for all occasions.",denims,Jackets,10,11,"2023-12-17 20:48:18","2024-10-06 20:48:18"
103,"Jackets Denims 3",105.79,297,398,38,https://images.unsplash.com/photo-1571867424485-eeb24de50d69,"High quality jackets from the denims collection, suitable for all occasions.",denims,Jackets,23,16,"2023-12-20 20:48:18","2024-10-12 20:48:18"
104,"Jackets Denims 4",58.53,244,173,73,https://images.unsplash.com/photo-1571867424485-eeb24de50d69,"High quality jackets from the denims collection, suitable for all occasions.",denims,Jackets,42,20,"2024-02-21 20:48:18","2024-10-26 20:48:18"
105,"Jackets Denims 5",68.52,927,411,55,https://images.unsplash.com/photo-1571867424485-eeb24de50d69,"High quality jackets from the denims collection, suitable for all occasions.",denims,Jackets,10,13,"2024-01-26 20:48:18","2024-10-11 20:48:18"
106,"Jackets Denims 6",175.08,248,279,26,https://images.unsplash.com/photo-1571867424485-eeb24de50d69,"High quality jackets from the denims collection, suitable for all occasions.",denims,Jackets,49,1,"2024-06-01 20:48:18","2024-10-17 20:48:18"
107,"Jackets Denims 7",183.06,482,292,69,https://images.unsplash.com/photo-1571867424485-eeb24de50d69,"High quality jackets from the denims collection, suitable for all occasions.",denims,Jackets,22,13,"2024-10-09 20:48:18","2024-10-09 20:48:18"
108,"Jackets Denims 8",51.15,393,327,97,https://images.unsplash.com/photo-1571867424485-eeb24de50d69,"High quality jackets from the denims collection, suitable for all occasions.",denims,Jackets,27,15,"2023-12-22 20:48:18","2024-10-26 20:48:18"
109,"Jackets Denims 9",32.71,853,208,98,https://images.unsplash.com/photo-1571867424485-eeb24de50d69,"High quality jackets from the denims collection, suitable for all occasions.",denims,Jackets,6,16,"2024-09-04 20:48:18","2024-10-07 20:48:18"
110,"Jackets Denims 10",129.07,639,158,50,https://images.unsplash.com/photo-1571867424485-eeb24de50d69,"High quality jackets from the denims collection, suitable for all occasions.",denims,Jackets,13,15,"2024-10-19 20:48:18","2024-10-03 20:48:18"
111,"Jackets Denims 11",21.06,651,98,20,https://images.unsplash.com/photo-1571867424485-eeb24de50d69,"High quality jackets from the denims collection, suitable for all occasions.",denims,Jackets,25,12,"2023-12-26 20:48:18","2024-10-28 20:48:18"
112,"Jackets Denims 12",158.75,565,388,86,https://images.unsplash.com/photo-1571867424485-eeb24de50d69,"High quality jackets from the denims collection, suitable for all occasions.",denims,Jackets,33,20,"2023-12-21 20:48:18","2024-10-19 20:48:18"
113,"Jackets Denims 13",103.81,139,374,98,https://images.unsplash.com/photo-1571867424485-eeb24de50d69,"High quality jackets from the denims collection, suitable for all occasions.",denims,Jackets,3,9,"2023-11-26 20:48:18","2024-10-19 20:48:18"
114,"Jackets Denims 14",182.45,757,182,54,https://images.unsplash.com/photo-1571867424485-eeb24de50d69,"High quality jackets from the denims collection, suitable for all occasions.",denims,Jackets,2,15,"2024-08-18 20:48:18","2024-10-03 20:48:18"
115,"Jackets Denims 15",33.22,704,77,52,https://images.unsplash.com/photo-1571867424485-eeb24de50d69,"High quality jackets from the denims collection, suitable for all occasions.",denims,Jackets,26,4,"2024-08-22 20:48:18","2024-09-30 20:48:18"
116,"Jackets Denims 16",96.34,233,138,91,https://images.unsplash.com/photo-1571867424485-eeb24de50d69,"High quality jackets from the denims collection, suitable for all occasions.",denims,Jackets,48,10,"2024-10-08 20:48:18","2024-10-15 20:48:18"
117,"Jackets Denims 17",44.61,766,145,29,https://images.unsplash.com/photo-1571867424485-eeb24de50d69,"High quality jackets from the denims collection, suitable for all occasions.",denims,Jackets,3,8,"2024-03-06 20:48:18","2024-10-26 20:48:18"
118,"Jackets Denims 18",43.32,362,65,10,https://images.unsplash.com/photo-1571867424485-eeb24de50d69,"High quality jackets from the denims collection, suitable for all occasions.",denims,Jackets,5,13,"2024-01-05 20:48:18","2024-10-19 20:48:18"
119,"Jackets Denims 19",174.56,134,197,25,https://images.unsplash.com/photo-1571867424485-eeb24de50d69,"High quality jackets from the denims collection, suitable for all occasions.",denims,Jackets,0,19,"2024-06-15 20:48:18","2024-10-19 20:48:18"
120,"Jackets Denims 20",40.18,660,393,51,https://images.unsplash.com/photo-1571867424485-eeb24de50d69,"High quality jackets from the denims collection, suitable for all occasions.",denims,Jackets,43,8,"2024-07-30 20:48:18","2024-10-04 20:48:18"
121,"Skirts Denims 1",65.75,479,367,78,https://images.unsplash.com/photo-1571867424485-eeb24de50d69,"High quality skirts from the denims collection, suitable for all occasions.",denims,Skirts,14,14,"2024-06-02 20:48:18","2024-10-06 20:48:18"
122,"Skirts Denims 2",169.06,565,95,20,https://images.unsplash.com/photo-1571867424485-eeb24de50d69,"High quality skirts from the denims collection, suitable for all occasions.",denims,Skirts,0,8,"2023-12-15 20:48:18","2024-10-21 20:48:18"
123,"Skirts Denims 3",23.66,393,89,45,https://images.unsplash.com/photo-1571867424485-eeb24de50d69,"High quality skirts from the denims collection, suitable for all occasions.",denims,Skirts,6,4,"2024-09-01 20:48:18","2024-10-06 20:48:18"
124,"Skirts Denims 4",181.80,979,113,48,https://images.unsplash.com/photo-1571867424485-eeb24de50d69,"High quality skirts from the denims collection, suitable for all occasions.",denims,Skirts,29,0,"2024-10-05 20:48:18","2024-10-14 20:48:18"
125,"Skirts Denims 5",81.36,837,165,96,https://images.unsplash.com/photo-1571867424485-eeb24de50d69,"High quality skirts from the denims collection, suitable for all occasions.",denims,Skirts,6,13,"2024-10-28 20:48:18","2024-09-29 20:48:18"
126,"Skirts Denims 6",153.94,427,111,48,https://images.unsplash.com/photo-1571867424485-eeb24de50d69,"High quality skirts from the denims collection, suitable for all occasions.",denims,Skirts,43,16,"2024-02-18 20:48:18","2024-10-10 20:48:18"
127,"Skirts Denims 7",39.90,609,158,68,https://images.unsplash.com/photo-1571867424485-eeb24de50d69,"High quality skirts from the denims collection, suitable for all occasions.",denims,Skirts,20,10,"2024-10-17 20:48:18","2024-10-14 20:48:18"
128,"Skirts Denims 8",48.07,293,416,65,https://images.unsplash.com/photo-1571867424485-eeb24de50d69,"High quality skirts from the denims collection, suitable for all occasions.",denims,Skirts,36,17,"2024-01-10 20:48:18","2024-10-14 20:48:18"
129,"Skirts Denims 9",46.75,384,155,71,https://images.unsplash.com/photo-1571867424485-eeb24de50d69,"High quality skirts from the denims collection, suitable for all occasions.",denims,Skirts,2,20,"2024-05-17 20:48:18","2024-10-27 20:48:18"
130,"Skirts Denims 10",67.15,633,473,53,https://images.unsplash.com/photo-1571867424485-eeb24de50d69,"High quality skirts from the denims collection, suitable for all occasions.",denims,Skirts,25,20,"2024-05-02 20:48:18","2024-10-12 20:48:18"
131,"Skirts Denims 11",155.77,961,295,56,https://images.unsplash.com/photo-1571867424485-eeb24de50d69,"High quality skirts from the denims collection, suitable for all occasions.",denims,Skirts,8,5,"2023-11-11 20:48:18","2024-10-21 20:48:18"
132,"Skirts Denims 12",53.36,929,266,46,https://images.unsplash.com/photo-1571867424485-eeb24de50d69,"High quality skirts from the denims collection, suitable for all occasions.",denims,Skirts,49,4,"2024-06-27 20:48:18","2024-09-30 20:48:18"
133,"Skirts Denims 13",75.47,492,106,90,https://images.unsplash.com/photo-1571867424485-eeb24de50d69,"High quality skirts from the denims collection, suitable for all occasions.",denims,Skirts,33,1,"2024-01-16 20:48:18","2024-10-12 20:48:18"
134,"Skirts Denims 14",32.84,909,444,92,https://images.unsplash.com/photo-1571867424485-eeb24de50d69,"High quality skirts from the denims collection, suitable for all occasions.",denims,Skirts,13,15,"2024-08-08 20:48:18","2024-10-02 20:48:18"
135,"Skirts Denims 15",121.83,297,426,42,https://images.unsplash.com/photo-1571867424485-eeb24de50d69,"High quality skirts from the denims collection, suitable for all occasions.",denims,Skirts,45,16,"2024-03-05 20:48:18","2024-10-22 20:48:18"
136,"Skirts Denims 16",82.21,958,237,90,https://images.unsplash.com/photo-1571867424485-eeb24de50d69,"High quality skirts from the denims collection, suitable for all occasions.",denims,Skirts,1,1,"2023-12-28 20:48:18","2024-10-18 20:48:18"
137,"Skirts Denims 17",58.22,586,171,40,https://images.unsplash.com/photo-1571867424485-eeb24de50d69,"High quality skirts from the denims collection, suitable for all occasions.",denims,Skirts,27,10,"2024-07-28 20:48:18","2024-10-20 20:48:18"
138,"Skirts Denims 18",92.00,912,171,15,https://images.unsplash.com/photo-1571867424485-eeb24de50d69,"High quality skirts from the denims collection, suitable for all occasions.",denims,Skirts,10,13,"2024-10-09 20:48:18","2024-10-22 20:48:18"
139,"Skirts Denims 19",103.43,323,437,10,https://images.unsplash.com/photo-1571867424485-eeb24de50d69,"High quality skirts from the denims collection, suitable for all occasions.",denims,Skirts,23,14,"2024-01-23 20:48:18","2024-10-02 20:48:18"
140,"Skirts Denims 20",79.93,439,364,14,https://images.unsplash.com/photo-1571867424485-eeb24de50d69,"High quality skirts from the denims collection, suitable for all occasions.",denims,Skirts,32,16,"2023-11-04 20:48:18","2024-10-02 20:48:18"
141,"Shorts Denims 1",178.77,811,99,74,https://images.unsplash.com/photo-1571867424485-eeb24de50d69,"High quality shorts from the denims collection, suitable for all occasions.",denims,Shorts,1,1,"2023-11-13 20:48:18","2024-10-20 20:48:18"
142,"Shorts Denims 2",28.07,289,347,80,https://images.unsplash.com/photo-1571867424485-eeb24de50d69,"High quality shorts from the denims collection, suitable for all occasions.",denims,Shorts,14,8,"2024-02-23 20:48:18","2024-10-03 20:48:18"
143,"Shorts Denims 3",45.26,484,156,19,https://images.unsplash.com/photo-1571867424485-eeb24de50d69,"High quality shorts from the denims collection, suitable for all occasions.",denims,Shorts,37,10,"2024-04-19 20:48:18","2024-10-25 20:48:18"
144,"Shorts Denims 4",28.88,167,334,71,https://images.unsplash.com/photo-1571867424485-eeb24de50d69,"High quality shorts from the denims collection, suitable for all occasions.",denims,Shorts,7,16,"2024-06-12 20:48:18","2024-09-28 20:48:18"
145,"Shorts Denims 5",61.41,125,182,52,https://images.unsplash.com/photo-1571867424485-eeb24de50d69,"High quality shorts from the denims collection, suitable for all occasions.",denims,Shorts,38,13,"2023-11-15 20:48:18","2024-10-04 20:48:18"
146,"Shorts Denims 6",182.04,634,218,54,https://images.unsplash.com/photo-1571867424485-eeb24de50d69,"High quality shorts from the denims collection, suitable for all occasions.",denims,Shorts,45,18,"2024-02-04 20:48:18","2024-10-16 20:48:18"
147,"Shorts Denims 7",63.99,503,93,61,https://images.unsplash.com/photo-1571867424485-eeb24de50d69,"High quality shorts from the denims collection, suitable for all occasions.",denims,Shorts,42,11,"2024-06-11 20:48:18","2024-10-07 20:48:18"
148,"Shorts Denims 8",167.00,119,148,13,https://images.unsplash.com/photo-1571867424485-eeb24de50d69,"High quality shorts from the denims collection, suitable for all occasions.",denims,Shorts,4,18,"2024-04-10 20:48:18","2024-10-07 20:48:18"
149,"Shorts Denims 9",79.64,553,355,58,https://images.unsplash.com/photo-1571867424485-eeb24de50d69,"High quality shorts from the denims collection, suitable for all occasions.",denims,Shorts,44,4,"2024-06-20 20:48:18","2024-10-03 20:48:18"
150,"Shorts Denims 10",87.02,874,248,92,https://images.unsplash.com/photo-1571867424485-eeb24de50d69,"High quality shorts from the denims collection, suitable for all occasions.",denims,Shorts,42,8,"2024-08-30 20:48:18","2024-10-27 20:48:18"
151,"Shorts Denims 11",52.39,190,249,95,https://images.unsplash.com/photo-1571867424485-eeb24de50d69,"High quality shorts from the denims collection, suitable for all occasions.",denims,Shorts,29,5,"2024-09-16 20:48:18","2024-10-28 20:48:18"
152,"Shorts Denims 12",52.27,654,106,44,https://images.unsplash.com/photo-1571867424485-eeb24de50d69,"High quality shorts from the denims collection, suitable for all occasions.",denims,Shorts,24,7,"2023-12-10 20:48:18","2024-10-05 20:48:18"
153,"Shorts Denims 13",185.70,826,336,97,https://images.unsplash.com/photo-1571867424485-eeb24de50d69,"High quality shorts from the denims collection, suitable for all occasions.",denims,Shorts,40,2,"2024-01-18 20:48:18","2024-10-27 20:48:18"
154,"Shorts Denims 14",25.48,915,85,51,https://images.unsplash.com/photo-1571867424485-eeb24de50d69,"High quality shorts from the denims collection, suitable for all occasions.",denims,Shorts,50,14,"2024-01-26 20:48:18","2024-09-28 20:48:18"
155,"Shorts Denims 15",182.52,439,490,78,https://images.unsplash.com/photo-1571867424485-eeb24de50d69,"High quality shorts from the denims collection, suitable for all occasions.",denims,Shorts,37,4,"2024-10-21 20:48:18","2024-09-28 20:48:18"
156,"Shorts Denims 16",135.23,472,142,32,https://images.unsplash.com/photo-1571867424485-eeb24de50d69,"High quality shorts from the denims collection, suitable for all occasions.",denims,Shorts,35,16,"2023-10-31 20:48:18","2024-10-09 20:48:18"
157,"Shorts Denims 17",155.26,213,462,68,https://images.unsplash.com/photo-1571867424485-eeb24de50d69,"High quality shorts from the denims collection, suitable for all occasions.",denims,Shorts,50,16,"2024-08-02 20:48:18","2024-10-11 20:48:18"
158,"Shorts Denims 18",24.10,690,351,27,https://images.unsplash.com/photo-1571867424485-eeb24de50d69,"High quality shorts from the denims collection, suitable for all occasions.",denims,Shorts,2,5,"2024-02-18 20:48:18","2024-10-20 20:48:18"
159,"Shorts Denims 19",143.56,755,352,12,https://images.unsplash.com/photo-1571867424485-eeb24de50d69,"High quality shorts from the denims collection, suitable for all occasions.",denims,Shorts,36,3,"2024-04-01 20:48:18","2024-10-21 20:48:18"
160,"Shorts Denims 20",62.82,286,463,79,https://images.unsplash.com/photo-1571867424485-eeb24de50d69,"High quality shorts from the denims collection, suitable for all occasions.",denims,Shorts,17,10,"2024-06-29 20:48:18","2024-10-22 20:48:18"
161,"Jewelry Accessories 1",50.87,920,117,80,https://images.unsplash.com/photo-1606411908301-6d16941ddf23,"High quality jewelry from the accessories collection, suitable for all occasions.",accessories,Jewelry,27,14,"2024-08-06 20:48:18","2024-10-23 20:48:18"
162,"Jewelry Accessories 2",170.32,856,488,99,https://images.unsplash.com/photo-1606411908301-6d16941ddf23,"High quality jewelry from the accessories collection, suitable for all occasions.",accessories,Jewelry,17,5,"2024-10-08 20:48:18","2024-10-01 20:48:18"
163,"Jewelry Accessories 3",82.12,297,212,82,https://images.unsplash.com/photo-1606411908301-6d16941ddf23,"High quality jewelry from the accessories collection, suitable for all occasions.",accessories,Jewelry,2,3,"2024-06-08 20:48:18","2024-10-02 20:48:18"
164,"Jewelry Accessories 4",142.90,305,336,57,https://images.unsplash.com/photo-1606411908301-6d16941ddf23,"High quality jewelry from the accessories collection, suitable for all occasions.",accessories,Jewelry,31,20,"2024-09-14 20:48:18","2024-10-09 20:48:18"
165,"Jewelry Accessories 5",123.17,811,435,61,https://images.unsplash.com/photo-1606411908301-6d16941ddf23,"High quality jewelry from the accessories collection, suitable for all occasions.",accessories,Jewelry,40,8,"2023-11-14 20:48:18","2024-10-03 20:48:18"
166,"Jewelry Accessories 6",159.95,588,104,85,https://images.unsplash.com/photo-1606411908301-6d16941ddf23,"High quality jewelry from the accessories collection, suitable for all occasions.",accessories,Jewelry,49,2,"2024-07-06 20:48:18","2024-10-27 20:48:18"
167,"Jewelry Accessories 7",68.37,867,214,55,https://images.unsplash.com/photo-1606411908301-6d16941ddf23,"High quality jewelry from the accessories collection, suitable for all occasions.",accessories,Jewelry,38,2,"2024-04-27 20:48:18","2024-10-25 20:48:18"
168,"Jewelry Accessories 8",66.62,915,135,66,https://images.unsplash.com/photo-1606411908301-6d16941ddf23,"High quality jewelry from the accessories collection, suitable for all occasions.",accessories,Jewelry,44,20,"2024-02-02 20:48:18","2024-10-02 20:48:18"
169,"Jewelry Accessories 9",121.06,937,169,11,https://images.unsplash.com/photo-1606411908301-6d16941ddf23,"High quality jewelry from the accessories collection, suitable for all occasions.",accessories,Jewelry,21,7,"2023-12-04 20:48:18","2024-10-16 20:48:18"
170,"Jewelry Accessories 10",102.26,673,460,94,https://images.unsplash.com/photo-1606411908301-6d16941ddf23,"High quality jewelry from the accessories collection, suitable for all occasions.",accessories,Jewelry,42,20,"2023-12-30 20:48:18","2024-09-29 20:48:18"
171,"Jewelry Accessories 11",56.02,594,85,54,https://images.unsplash.com/photo-1606411908301-6d16941ddf23,"High quality jewelry from the accessories collection, suitable for all occasions.",accessories,Jewelry,50,7,"2024-07-22 20:48:18","2024-10-04 20:48:18"
172,"Jewelry Accessories 12",153.10,619,81,52,https://images.unsplash.com/photo-1606411908301-6d16941ddf23,"High quality jewelry from the accessories collection, suitable for all occasions.",accessories,Jewelry,29,12,"2024-02-09 20:48:18","2024-09-29 20:48:18"
173,"Jewelry Accessories 13",188.43,119,120,78,https://images.unsplash.com/photo-1606411908301-6d16941ddf23,"High quality jewelry from the accessories collection, suitable for all occasions.",accessories,Jewelry,27,7,"2024-03-07 20:48:18","2024-10-11 20:48:18"
174,"Jewelry Accessories 14",62.92,656,104,35,https://images.unsplash.com/photo-1606411908301-6d16941ddf23,"High quality jewelry from the accessories collection, suitable for all occasions.",accessories,Jewelry,35,17,"2024-07-06 20:48:18","2024-09-30 20:48:18"
175,"Jewelry Accessories 15",101.93,344,283,92,https://images.unsplash.com/photo-1606411908301-6d16941ddf23,"High quality jewelry from the accessories collection, suitable for all occasions.",accessories,Jewelry,33,1,"2024-04-25 20:48:18","2024-09-28 20:48:18"
176,"Jewelry Accessories 16",79.67,333,424,38,https://images.unsplash.com/photo-1606411908301-6d16941ddf23,"High quality jewelry from the accessories collection, suitable for all occasions.",accessories,Jewelry,1,17,"2023-12-14 20:48:18","2024-10-08 20:48:18"
177,"Jewelry Accessories 17",82.31,323,276,74,https://images.unsplash.com/photo-1606411908301-6d16941ddf23,"High quality jewelry from the accessories collection, suitable for all occasions.",accessories,Jewelry,34,11,"2024-08-31 20:48:18","2024-10-24 20:48:18"
178,"Jewelry Accessories 18",128.28,914,370,84,https://images.unsplash.com/photo-1606411908301-6d16941ddf23,"High quality jewelry from the accessories collection, suitable for all occasions.",accessories,Jewelry,36,12,"2024-02-24 20:48:18","2024-10-08 20:48:18"
179,"Jewelry Accessories 19",19.39,788,323,72,https://images.unsplash.com/photo-1606411908301-6d16941ddf23,"High quality jewelry from the accessories collection, suitable for all occasions.",accessories,Jewelry,36,4,"2023-11-16 20:48:18","2024-10-28 20:48:18"
180,"Jewelry Accessories 20",80.20,207,100,64,https://images.unsplash.com/photo-1606411908301-6d16941ddf23,"High quality jewelry from the accessories collection, suitable for all occasions.",accessories,Jewelry,43,4,"2024-10-26 20:48:18","2024-10-05 20:48:18"
181,"Bags Accessories 1",15.45,938,258,26,https://images.unsplash.com/photo-1606411908301-6d16941ddf23,"High quality bags from the accessories collection, suitable for all occasions.",accessories,Bags,30,15,"2024-05-15 20:48:18","2024-10-17 20:48:18"
182,"Bags Accessories 2",180.32,704,263,88,https://images.unsplash.com/photo-1606411908301-6d16941ddf23,"High quality bags from the accessories collection, suitable for all occasions.",accessories,Bags,8,17,"2023-12-06 20:48:18","2024-09-28 20:48:18"
183,"Bags Accessories 3",125.27,330,115,34,https://images.unsplash.com/photo-1606411908301-6d16941ddf23,"High quality bags from the accessories collection, suitable for all occasions.",accessories,Bags,49,13,"2024-10-18 20:48:18","2024-10-25 20:48:18"
184,"Bags Accessories 4",128.73,727,101,51,https://images.unsplash.com/photo-1606411908301-6d16941ddf23,"High quality bags from the accessories collection, suitable for all occasions.",accessories,Bags,13,7,"2023-11-11 20:48:18","2024-10-02 20:48:18"
185,"Bags Accessories 5",174.69,302,459,15,https://images.unsplash.com/photo-1606411908301-6d16941ddf23,"High quality bags from the accessories collection, suitable for all occasions.",accessories,Bags,34,6,"2024-04-13 20:48:18","2024-10-13 20:48:18"
186,"Bags Accessories 6",37.58,749,140,31,https://images.unsplash.com/photo-1606411908301-6d16941ddf23,"High quality bags from the accessories collection, suitable for all occasions.",accessories,Bags,2,14,"2024-05-18 20:48:18","2024-10-05 20:48:18"
187,"Bags Accessories 7",156.98,831,299,53,https://images.unsplash.com/photo-1606411908301-6d16941ddf23,"High quality bags from the accessories collection, suitable for all occasions.",accessories,Bags,13,12,"2024-02-06 20:48:18","2024-10-28 20:48:18"
188,"Bags Accessories 8",65.56,441,373,44,https://images.unsplash.com/photo-1606411908301-6d16941ddf23,"High quality bags from the accessories collection, suitable for all occasions.",accessories,Bags,33,7,"2024-09-15 20:48:18","2024-10-04 20:48:18"
189,"Bags Accessories 9",115.07,568,482,50,https://images.unsplash.com/photo-1606411908301-6d16941ddf23,"High quality bags from the accessories collection, suitable for all occasions.",accessories,Bags,36,6,"2024-03-31 20:48:18","2024-10-14 20:48:18"
190,"Bags Accessories 10",185.96,979,377,76,https://images.unsplash.com/photo-1606411908301-6d16941ddf23,"High quality bags from the accessories collection, suitable for all occasions.",accessories,Bags,20,16,"2024-10-08 20:48:18","2024-09-28 20:48:18"
191,"Bags Accessories 11",181.52,966,486,69,https://images.unsplash.com/photo-1606411908301-6d16941ddf23,"High quality bags from the accessories collection, suitable for all occasions.",accessories,Bags,23,7,"2024-04-16 20:48:18","2024-10-01 20:48:18"
192,"Bags Accessories 12",52.02,404,86,65,https://images.unsplash.com/photo-1606411908301-6d16941ddf23,"High quality bags from the accessories collection, suitable for all occasions.",accessories,Bags,14,11,"2024-04-04 20:48:18","2024-10-10 20:48:18"
193,"Bags Accessories 13",29.60,375,236,76,https://images.unsplash.com/photo-1606411908301-6d16941ddf23,"High quality bags from the accessories collection, suitable for all occasions.",accessories,Bags,0,13,"2024-09-28 20:48:18","2024-10-26 20:48:18"
194,"Bags Accessories 14",196.17,730,314,67,https://images.unsplash.com/photo-1606411908301-6d16941ddf23,"High quality bags from the accessories collection, suitable for all occasions.",accessories,Bags,4,8,"2024-07-13 20:48:18","2024-10-10 20:48:18"
195,"Bags Accessories 15",174.74,837,261,23,https://images.unsplash.com/photo-1606411908301-6d16941ddf23,"High quality bags from the accessories collection, suitable for all occasions.",accessories,Bags,29,16,"2024-06-11 20:48:18","2024-10-04 20:48:18"
196,"Bags Accessories 16",167.08,792,69,70,https://images.unsplash.com/photo-1606411908301-6d16941ddf23,"High quality bags from the accessories collection, suitable for all occasions.",accessories,Bags,42,13,"2024-02-04 20:48:18","2024-10-26 20:48:18"
197,"Bags Accessories 17",54.42,654,456,20,https://images.unsplash.com/photo-1606411908301-6d16941ddf23,"High quality bags from the accessories collection, suitable for all occasions.",accessories,Bags,11,9,"2024-09-11 20:48:18","2024-10-19 20:48:18"
198,"Bags Accessories 18",36.15,100,320,75,https://images.unsplash.com/photo-1606411908301-6d16941ddf23,"High quality bags from the accessories collection, suitable for all occasions.",accessories,Bags,15,8,"2024-09-22 20:48:18","2024-10-04 20:48:18"
199,"Bags Accessories 19",95.19,618,391,71,https://images.unsplash.com/photo-1606411908301-6d16941ddf23,"High quality bags from the accessories collection, suitable for all occasions.",accessories,Bags,10,19,"2024-01-08 20:48:18","2024-10-16 20:48:18"
200,"Bags Accessories 20",85.01,848,488,30,https://images.unsplash.com/photo-1606411908301-6d16941ddf23,"High quality bags from the accessories collection, suitable for all occasions.",accessories,Bags,8,14,"2023-12-14 20:48:18","2024-10-23 20:48:18"
201,"Scarves Accessories 1",127.65,643,391,44,https://images.unsplash.com/photo-1606411908301-6d16941ddf23,"High quality scarves from the accessories collection, suitable for all occasions.",accessories,Scarves,50,9,"2024-01-17 20:48:18","2024-10-12 20:48:18"
202,"Scarves Accessories 2",146.66,739,411,31,https://images.unsplash.com/photo-1606411908301-6d16941ddf23,"High quality scarves from the accessories collection, suitable for all occasions.",accessories,Scarves,0,9,"2024-10-16 20:48:18","2024-10-23 20:48:18"
203,"Scarves Accessories 3",39.65,313,123,83,https://images.unsplash.com/photo-1606411908301-6d16941ddf23,"High quality scarves from the accessories collection, suitable for all occasions.",accessories,Scarves,35,11,"2024-04-12 20:48:18","2024-10-20 20:48:18"
204,"Scarves Accessories 4",165.00,123,96,11,https://images.unsplash.com/photo-1606411908301-6d16941ddf23,"High quality scarves from the accessories collection, suitable for all occasions.",accessories,Scarves,45,11,"2023-12-31 20:48:18","2024-10-02 20:48:18"
205,"Scarves Accessories 5",40.33,372,124,67,https://images.unsplash.com/photo-1606411908301-6d16941ddf23,"High quality scarves from the accessories collection, suitable for all occasions.",accessories,Scarves,10,17,"2023-11-28 20:48:18","2024-10-16 20:48:18"
206,"Scarves Accessories 6",74.08,672,108,53,https://images.unsplash.com/photo-1606411908301-6d16941ddf23,"High quality scarves from the accessories collection, suitable for all occasions.",accessories,Scarves,18,14,"2024-03-22 20:48:18","2024-10-07 20:48:18"
207,"Scarves Accessories 7",189.04,143,420,69,https://images.unsplash.com/photo-1606411908301-6d16941ddf23,"High quality scarves from the accessories collection, suitable for all occasions.",accessories,Scarves,44,5,"2024-04-27 20:48:18","2024-10-16 20:48:18"
208,"Scarves Accessories 8",51.42,555,126,29,https://images.unsplash.com/photo-1606411908301-6d16941ddf23,"High quality scarves from the accessories collection, suitable for all occasions.",accessories,Scarves,20,5,"2024-01-08 20:48:18","2024-10-05 20:48:18"
209,"Scarves Accessories 9",174.56,299,473,64,https://images.unsplash.com/photo-1606411908301-6d16941ddf23,"High quality scarves from the accessories collection, suitable for all occasions.",accessories,Scarves,8,4,"2024-03-15 20:48:18","2024-10-24 20:48:18"
210,"Scarves Accessories 10",150.86,319,412,14,https://images.unsplash.com/photo-1606411908301-6d16941ddf23,"High quality scarves from the accessories collection, suitable for all occasions.",accessories,Scarves,44,20,"2024-05-29 20:48:18","2024-10-11 20:48:18"
211,"Scarves Accessories 11",110.98,923,365,73,https://images.unsplash.com/photo-1606411908301-6d16941ddf23,"High quality scarves from the accessories collection, suitable for all occasions.",accessories,Scarves,12,4,"2024-10-17 20:48:18","2024-10-26 20:48:18"
212,"Scarves Accessories 12",103.01,174,469,77,https://images.unsplash.com/photo-1606411908301-6d16941ddf23,"High quality scarves from the accessories collection, suitable for all occasions.",accessories,Scarves,12,1,"2024-05-30 20:48:18","2024-10-25 20:48:18"
213,"Scarves Accessories 13",43.65,911,302,68,https://images.unsplash.com/photo-1606411908301-6d16941ddf23,"High quality scarves from the accessories collection, suitable for all occasions.",accessories,Scarves,25,1,"2024-06-11 20:48:18","2024-10-12 20:48:18"
214,"Scarves Accessories 14",148.64,537,158,48,https://images.unsplash.com/photo-1606411908301-6d16941ddf23,"High quality scarves from the accessories collection, suitable for all occasions.",accessories,Scarves,28,13,"2024-08-01 20:48:18","2024-10-07 20:48:18"
215,"Scarves Accessories 15",40.59,707,50,65,https://images.unsplash.com/photo-1606411908301-6d16941ddf23,"High quality scarves from the accessories collection, suitable for all occasions.",accessories,Scarves,33,13,"2024-05-27 20:48:18","2024-09-29 20:48:18"
216,"Scarves Accessories 16",76.97,153,134,74,https://images.unsplash.com/photo-1606411908301-6d16941ddf23,"High quality scarves from the accessories collection, suitable for all occasions.",accessories,Scarves,50,3,"2024-03-18 20:48:18","2024-10-17 20:48:18"
217,"Scarves Accessories 17",95.15,576,103,53,https://images.unsplash.com/photo-1606411908301-6d16941ddf23,"High quality scarves from the accessories collection, suitable for all occasions.",accessories,Scarves,30,11,"2024-06-13 20:48:18","2024-10-22 20:48:18"
218,"Scarves Accessories 18",165.30,515,69,29,https://images.unsplash.com/photo-1606411908301-6d16941ddf23,"High quality scarves from the accessories collection, suitable for all occasions.",accessories,Scarves,14,15,"2024-04-23 20:48:18","2024-10-19 20:48:18"
219,"Scarves Accessories 19",69.44,377,359,26,https://images.unsplash.com/photo-1606411908301-6d16941ddf23,"High quality scarves from the accessories collection, suitable for all occasions.",accessories,Scarves,13,12,"2024-10-25 20:48:18","2024-10-09 20:48:18"
220,"Scarves Accessories 20",148.09,203,124,12,https://images.unsplash.com/photo-1606411908301-6d16941ddf23,"High quality scarves from the accessories collection, suitable for all occasions.",accessories,Scarves,47,11,"2024-05-22 20:48:18","2024-10-07 20:48:18"
221,"Belts Accessories 1",130.46,567,434,81,https://images.unsplash.com/photo-1606411908301-6d16941ddf23,"High quality belts from the accessories collection, suitable for all occasions.",accessories,Belts,36,9,"2024-03-10 20:48:18","2024-10-01 20:48:18"
222,"Belts Accessories 2",44.36,292,168,13,https://images.unsplash.com/photo-1606411908301-6d16941ddf23,"High quality belts from the accessories collection, suitable for all occasions.",accessories,Belts,50,16,"2024-06-01 20:48:18","2024-10-20 20:48:18"
223,"Belts Accessories 3",180.01,479,254,37,https://images.unsplash.com/photo-1606411908301-6d16941ddf23,"High quality belts from the accessories collection, suitable for all occasions.",accessories,Belts,24,16,"2024-08-28 20:48:18","2024-10-22 20:48:18"
224,"Belts Accessories 4",65.46,825,72,23,https://images.unsplash.com/photo-1606411908301-6d16941ddf23,"High quality belts from the accessories collection, suitable for all occasions.",accessories,Belts,28,15,"2024-04-02 20:48:18","2024-10-24 20:48:18"
225,"Belts Accessories 5",107.64,456,212,39,https://images.unsplash.com/photo-1606411908301-6d16941ddf23,"High quality belts from the accessories collection, suitable for all occasions.",accessories,Belts,30,12,"2023-12-07 20:48:18","2024-10-01 20:48:18"
226,"Belts Accessories 6",43.91,254,450,75,https://images.unsplash.com/photo-1606411908301-6d16941ddf23,"High quality belts from the accessories collection, suitable for all occasions.",accessories,Belts,33,12,"2024-01-10 20:48:18","2024-10-14 20:48:18"
227,"Belts Accessories 7",57.00,239,180,23,https://images.unsplash.com/photo-1606411908301-6d16941ddf23,"High quality belts from the accessories collection, suitable for all occasions.",accessories,Belts,41,0,"2023-12-17 20:48:18","2024-10-06 20:48:18"
228,"Belts Accessories 8",198.30,390,494,81,https://images.unsplash.com/photo-1606411908301-6d16941ddf23,"High quality belts from the accessories collection, suitable for all occasions.",accessories,Belts,5,12,"2023-12-19 20:48:18","2024-10-13 20:48:18"
229,"Belts Accessories 9",111.30,520,491,60,https://images.unsplash.com/photo-1606411908301-6d16941ddf23,"High quality belts from the accessories collection, suitable for all occasions.",accessories,Belts,40,14,"2024-03-03 20:48:18","2024-10-06 20:48:18"
230,"Belts Accessories 10",176.19,956,120,27,https://images.unsplash.com/photo-1606411908301-6d16941ddf23,"High quality belts from the accessories collection, suitable for all occasions.",accessories,Belts,12,0,"2023-11-01 20:48:18","2024-10-22 20:48:18"
231,"Belts Accessories 11",184.43,301,229,97,https://images.unsplash.com/photo-1606411908301-6d16941ddf23,"High quality belts from the accessories collection, suitable for all occasions.",accessories,Belts,44,14,"2024-09-05 20:48:18","2024-10-14 20:48:18"
232,"Belts Accessories 12",145.63,375,443,50,https://images.unsplash.com/photo-1606411908301-6d16941ddf23,"High quality belts from the accessories collection, suitable for all occasions.",accessories,Belts,46,18,"2023-12-11 20:48:18","2024-10-15 20:48:18"
233,"Belts Accessories 13",195.87,691,178,49,https://images.unsplash.com/photo-1606411908301-6d16941ddf23,"High quality belts from the accessories collection, suitable for all occasions.",accessories,Belts,14,1,"2024-08-04 20:48:18","2024-10-23 20:48:18"
234,"Belts Accessories 14",58.57,894,222,79,https://images.unsplash.com/photo-1606411908301-6d16941ddf23,"High quality belts from the accessories collection, suitable for all occasions.",accessories,Belts,4,18,"2024-10-13 20:48:18","2024-10-26 20:48:18"
235,"Belts Accessories 15",131.69,126,332,38,https://images.unsplash.com/photo-1606411908301-6d16941ddf23,"High quality belts from the accessories collection, suitable for all occasions.",accessories,Belts,27,3,"2024-08-24 20:48:18","2024-09-28 20:48:18"
236,"Belts Accessories 16",134.91,543,115,24,https://images.unsplash.com/photo-1606411908301-6d16941ddf23,"High quality belts from the accessories collection, suitable for all occasions.",accessories,Belts,33,11,"2024-07-19 20:48:18","2024-10-03 20:48:18"
237,"Belts Accessories 17",160.24,585,419,54,https://images.unsplash.com/photo-1606411908301-6d16941ddf23,"High quality belts from the accessories collection, suitable for all occasions.",accessories,Belts,48,15,"2024-04-02 20:48:18","2024-10-07 20:48:18"
238,"Belts Accessories 18",178.41,980,319,97,https://images.unsplash.com/photo-1606411908301-6d16941ddf23,"High quality belts from the accessories collection, suitable for all occasions.",accessories,Belts,47,13,"2024-01-31 20:48:18","2024-10-22 20:48:18"
239,"Belts Accessories 19",111.13,807,459,68,https://images.unsplash.com/photo-1606411908301-6d16941ddf23,"High quality belts from the accessories collection, suitable for all occasions.",accessories,Belts,48,1,"2023-12-09 20:48:18","2024-10-09 20:48:18"
240,"Belts Accessories 20",72.74,393,265,10,https://images.unsplash.com/photo-1606411908301-6d16941ddf23,"High quality belts from the accessories collection, suitable for all occasions.",accessories,Belts,16,12,"2024-08-04 20:48:18","2024-10-13 20:48:18"
241,"Shirts Menswear 1",73.58,983,152,81,https://images.unsplash.com/photo-1512436991641-6745cdb1723f,"High quality shirts from the menswear collection, suitable for all occasions.",menswear,Shirts,14,1,"2024-05-24 20:48:18","2024-10-28 20:48:18"
242,"Shirts Menswear 2",101.01,876,68,61,https://images.unsplash.com/photo-1512436991641-6745cdb1723f,"High quality shirts from the menswear collection, suitable for all occasions.",menswear,Shirts,47,17,"2024-08-19 20:48:18","2024-09-28 20:48:18"
243,"Shirts Menswear 3",69.10,720,459,75,https://images.unsplash.com/photo-1512436991641-6745cdb1723f,"High quality shirts from the menswear collection, suitable for all occasions.",menswear,Shirts,21,0,"2024-01-29 20:48:18","2024-10-21 20:48:18"
244,"Shirts Menswear 4",35.65,111,318,98,https://images.unsplash.com/photo-1512436991641-6745cdb1723f,"High quality shirts from the menswear collection, suitable for all occasions.",menswear,Shirts,4,1,"2024-10-14 20:48:18","2024-10-14 20:48:18"
245,"Shirts Menswear 5",192.70,972,248,29,https://images.unsplash.com/photo-1512436991641-6745cdb1723f,"High quality shirts from the menswear collection, suitable for all occasions.",menswear,Shirts,48,12,"2024-05-07 20:48:18","2024-10-28 20:48:18"
246,"Shirts Menswear 6",62.51,607,103,40,https://images.unsplash.com/photo-1512436991641-6745cdb1723f,"High quality shirts from the menswear collection, suitable for all occasions.",menswear,Shirts,0,8,"2024-03-17 20:48:18","2024-10-24 20:48:18"
247,"Shirts Menswear 7",175.12,331,460,50,https://images.unsplash.com/photo-1512436991641-6745cdb1723f,"High quality shirts from the menswear collection, suitable for all occasions.",menswear,Shirts,40,11,"2023-12-04 20:48:18","2024-10-24 20:48:18"
248,"Shirts Menswear 8",183.14,340,481,57,https://images.unsplash.com/photo-1512436991641-6745cdb1723f,"High quality shirts from the menswear collection, suitable for all occasions.",menswear,Shirts,5,20,"2024-10-19 20:48:18","2024-09-28 20:48:18"
249,"Shirts Menswear 9",199.20,671,424,56,https://images.unsplash.com/photo-1512436991641-6745cdb1723f,"High quality shirts from the menswear collection, suitable for all occasions.",menswear,Shirts,14,17,"2024-06-04 20:48:18","2024-10-06 20:48:18"
250,"Shirts Menswear 10",91.77,647,128,48,https://images.unsplash.com/photo-1512436991641-6745cdb1723f,"High quality shirts from the menswear collection, suitable for all occasions.",menswear,Shirts,29,6,"2023-11-01 20:48:18","2024-10-23 20:48:18"
251,"Shirts Menswear 11",159.46,905,445,71,https://images.unsplash.com/photo-1512436991641-6745cdb1723f,"High quality shirts from the menswear collection, suitable for all occasions.",menswear,Shirts,25,1,"2024-07-31 20:48:18","2024-10-05 20:48:18"
252,"Shirts Menswear 12",30.09,343,487,75,https://images.unsplash.com/photo-1512436991641-6745cdb1723f,"High quality shirts from the menswear collection, suitable for all occasions.",menswear,Shirts,4,11,"2024-03-27 20:48:18","2024-10-09 20:48:18"
253,"Shirts Menswear 13",105.90,749,429,43,https://images.unsplash.com/photo-1512436991641-6745cdb1723f,"High quality shirts from the menswear collection, suitable for all occasions.",menswear,Shirts,20,14,"2024-10-25 20:48:18","2024-10-29 05:52:36"
254,"Shirts Menswear 14",93.16,932,256,25,https://images.unsplash.com/photo-1512436991641-6745cdb1723f,"High quality shirts from the menswear collection, suitable for all occasions.",menswear,Shirts,11,1,"2024-06-16 20:48:18","2024-10-19 20:48:18"
255,"Shirts Menswear 15",104.41,258,436,96,https://images.unsplash.com/photo-1512436991641-6745cdb1723f,"High quality shirts from the menswear collection, suitable for all occasions.",menswear,Shirts,4,10,"2024-04-02 20:48:18","2024-10-11 20:48:18"
256,"Shirts Menswear 16",192.50,331,200,67,https://images.unsplash.com/photo-1512436991641-6745cdb1723f,"High quality shirts from the menswear collection, suitable for all occasions.",menswear,Shirts,42,15,"2024-06-12 20:48:18","2024-09-29 20:48:18"
257,"Shirts Menswear 17",70.08,888,226,66,https://images.unsplash.com/photo-1512436991641-6745cdb1723f,"High quality shirts from the menswear collection, suitable for all occasions.",menswear,Shirts,16,20,"2023-12-16 20:48:18","2024-10-14 20:48:18"
258,"Shirts Menswear 18",33.16,701,359,96,https://images.unsplash.com/photo-1512436991641-6745cdb1723f,"High quality shirts from the menswear collection, suitable for all occasions.",menswear,Shirts,29,9,"2024-08-05 20:48:18","2024-10-06 20:48:18"
259,"Shirts Menswear 19",68.92,471,352,82,https://images.unsplash.com/photo-1512436991641-6745cdb1723f,"High quality shirts from the menswear collection, suitable for all occasions.",menswear,Shirts,22,8,"2024-05-15 20:48:18","2024-10-22 20:48:18"
260,"Shirts Menswear 20",79.53,425,411,43,https://images.unsplash.com/photo-1512436991641-6745cdb1723f,"High quality shirts from the menswear collection, suitable for all occasions.",menswear,Shirts,41,8,"2024-02-09 20:48:18","2024-10-12 20:48:18"
261,"Pants Menswear 1",87.58,390,380,16,https://images.unsplash.com/photo-1512436991641-6745cdb1723f,"High quality pants from the menswear collection, suitable for all occasions.",menswear,Pants,43,20,"2023-10-29 20:48:18","2024-10-20 20:48:18"
262,"Pants Menswear 2",58.96,937,495,19,https://images.unsplash.com/photo-1512436991641-6745cdb1723f,"High quality pants from the menswear collection, suitable for all occasions.",menswear,Pants,4,19,"2024-10-05 20:48:18","2024-10-07 20:48:18"
263,"Pants Menswear 3",112.31,268,286,62,https://images.unsplash.com/photo-1512436991641-6745cdb1723f,"High quality pants from the menswear collection, suitable for all occasions.",menswear,Pants,0,20,"2024-02-18 20:48:18","2024-10-01 20:48:18"
264,"Pants Menswear 4",41.52,945,240,100,https://images.unsplash.com/photo-1512436991641-6745cdb1723f,"High quality pants from the menswear collection, suitable for all occasions.",menswear,Pants,20,13,"2024-05-08 20:48:18","2024-10-06 20:48:18"
265,"Pants Menswear 5",176.28,502,371,91,https://images.unsplash.com/photo-1512436991641-6745cdb1723f,"High quality pants from the menswear collection, suitable for all occasions.",menswear,Pants,1,2,"2024-03-11 20:48:18","2024-10-03 20:48:18"
266,"Pants Menswear 6",95.93,417,446,58,https://images.unsplash.com/photo-1512436991641-6745cdb1723f,"High quality pants from the menswear collection, suitable for all occasions.",menswear,Pants,48,5,"2023-12-19 20:48:18","2024-10-28 20:48:18"
267,"Pants Menswear 7",36.10,573,255,15,https://images.unsplash.com/photo-1512436991641-6745cdb1723f,"High quality pants from the menswear collection, suitable for all occasions.",menswear,Pants,22,11,"2023-12-19 20:48:18","2024-10-09 20:48:18"
268,"Pants Menswear 8",176.83,187,421,16,https://images.unsplash.com/photo-1512436991641-6745cdb1723f,"High quality pants from the menswear collection, suitable for all occasions.",menswear,Pants,35,16,"2024-03-21 20:48:18","2024-10-25 20:48:18"
269,"Pants Menswear 9",100.60,971,385,70,https://images.unsplash.com/photo-1512436991641-6745cdb1723f,"High quality pants from the menswear collection, suitable for all occasions.",menswear,Pants,17,17,"2024-06-17 20:48:18","2024-10-02 20:48:18"
270,"Pants Menswear 10",91.45,975,257,75,https://images.unsplash.com/photo-1512436991641-6745cdb1723f,"High quality pants from the menswear collection, suitable for all occasions.",menswear,Pants,9,20,"2024-03-21 20:48:18","2024-10-13 20:48:18"
271,"Pants Menswear 11",167.70,378,291,66,https://images.unsplash.com/photo-1512436991641-6745cdb1723f,"High quality pants from the menswear collection, suitable for all occasions.",menswear,Pants,36,2,"2023-11-26 20:48:18","2024-10-18 20:48:18"
272,"Pants Menswear 12",55.99,488,317,70,https://images.unsplash.com/photo-1512436991641-6745cdb1723f,"High quality pants from the menswear collection, suitable for all occasions.",menswear,Pants,39,10,"2024-06-10 20:48:18","2024-10-25 20:48:18"
273,"Pants Menswear 13",40.13,252,91,16,https://images.unsplash.com/photo-1512436991641-6745cdb1723f,"High quality pants from the menswear collection, suitable for all occasions.",menswear,Pants,33,14,"2024-05-27 20:48:18","2024-10-25 20:48:18"
274,"Pants Menswear 14",136.69,308,62,38,https://images.unsplash.com/photo-1512436991641-6745cdb1723f,"High quality pants from the menswear collection, suitable for all occasions.",menswear,Pants,2,1,"2024-02-13 20:48:18","2024-10-08 20:48:18"
275,"Pants Menswear 15",162.98,479,467,22,https://images.unsplash.com/photo-1512436991641-6745cdb1723f,"High quality pants from the menswear collection, suitable for all occasions.",menswear,Pants,11,9,"2024-06-15 20:48:18","2024-10-01 20:48:18"
276,"Pants Menswear 16",142.89,319,263,23,https://images.unsplash.com/photo-1512436991641-6745cdb1723f,"High quality pants from the menswear collection, suitable for all occasions.",menswear,Pants,46,6,"2023-11-02 20:48:18","2024-10-11 20:48:18"
277,"Pants Menswear 17",85.30,355,368,59,https://images.unsplash.com/photo-1512436991641-6745cdb1723f,"High quality pants from the menswear collection, suitable for all occasions.",menswear,Pants,5,2,"2024-08-24 20:48:18","2024-10-25 20:48:18"
278,"Pants Menswear 18",34.73,377,237,95,https://images.unsplash.com/photo-1512436991641-6745cdb1723f,"High quality pants from the menswear collection, suitable for all occasions.",menswear,Pants,11,10,"2024-07-27 20:48:18","2024-10-16 20:48:18"
279,"Pants Menswear 19",34.31,329,324,77,https://images.unsplash.com/photo-1512436991641-6745cdb1723f,"High quality pants from the menswear collection, suitable for all occasions.",menswear,Pants,6,16,"2024-02-24 20:48:18","2024-09-29 20:48:18"
280,"Pants Menswear 20",60.75,350,187,49,https://images.unsplash.com/photo-1512436991641-6745cdb1723f,"High quality pants from the menswear collection, suitable for all occasions.",menswear,Pants,36,0,"2024-09-20 20:48:18","2024-10-14 20:48:18"
281,"Suits Menswear 1",118.80,225,362,37,https://images.unsplash.com/photo-1512436991641-6745cdb1723f,"High quality suits from the menswear collection, suitable for all occasions.",menswear,Suits,26,11,"2024-07-08 20:48:18","2024-10-14 20:48:18"
282,"Suits Menswear 2",68.59,968,352,23,https://images.unsplash.com/photo-1512436991641-6745cdb1723f,"High quality suits from the menswear collection, suitable for all occasions.",menswear,Suits,37,3,"2024-06-07 20:48:18","2024-10-14 20:48:18"
283,"Suits Menswear 3",29.33,486,329,12,https://images.unsplash.com/photo-1512436991641-6745cdb1723f,"High quality suits from the menswear collection, suitable for all occasions.",menswear,Suits,9,14,"2024-05-25 20:48:18","2024-10-03 20:48:18"
284,"Suits Menswear 4",134.29,694,408,49,https://images.unsplash.com/photo-1512436991641-6745cdb1723f,"High quality suits from the menswear collection, suitable for all occasions.",menswear,Suits,32,1,"2024-08-03 20:48:18","2024-09-28 20:48:18"
285,"Suits Menswear 5",188.25,724,103,90,https://images.unsplash.com/photo-1512436991641-6745cdb1723f,"High quality suits from the menswear collection, suitable for all occasions.",menswear,Suits,40,13,"2024-06-20 20:48:18","2024-10-05 20:48:18"
286,"Suits Menswear 6",158.87,482,74,53,https://images.unsplash.com/photo-1512436991641-6745cdb1723f,"High quality suits from the menswear collection, suitable for all occasions.",menswear,Suits,16,3,"2024-03-22 20:48:18","2024-10-09 20:48:18"
287,"Suits Menswear 7",96.26,639,53,19,https://images.unsplash.com/photo-1512436991641-6745cdb1723f,"High quality suits from the menswear collection, suitable for all occasions.",menswear,Suits,19,13,"2024-09-25 20:48:18","2024-10-21 20:48:18"
288,"Suits Menswear 8",129.96,732,251,56,https://images.unsplash.com/photo-1512436991641-6745cdb1723f,"High quality suits from the menswear collection, suitable for all occasions.",menswear,Suits,36,4,"2024-03-23 20:48:18","2024-09-30 20:48:18"
289,"Suits Menswear 9",121.57,107,203,66,https://images.unsplash.com/photo-1512436991641-6745cdb1723f,"High quality suits from the menswear collection, suitable for all occasions.",menswear,Suits,0,0,"2024-09-24 20:48:18","2024-10-22 20:48:18"
290,"Suits Menswear 10",60.42,385,170,77,https://images.unsplash.com/photo-1512436991641-6745cdb1723f,"High quality suits from the menswear collection, suitable for all occasions.",menswear,Suits,45,3,"2024-07-10 20:48:18","2024-10-02 20:48:18"
291,"Suits Menswear 11",70.17,505,408,53,https://images.unsplash.com/photo-1512436991641-6745cdb1723f,"High quality suits from the menswear collection, suitable for all occasions.",menswear,Suits,2,11,"2023-12-13 20:48:18","2024-10-22 20:48:18"
292,"Suits Menswear 12",158.78,156,86,38,https://images.unsplash.com/photo-1512436991641-6745cdb1723f,"High quality suits from the menswear collection, suitable for all occasions.",menswear,Suits,45,3,"2024-03-10 20:48:18","2024-10-05 20:48:18"
293,"Suits Menswear 13",193.52,525,399,98,https://images.unsplash.com/photo-1512436991641-6745cdb1723f,"High quality suits from the menswear collection, suitable for all occasions.",menswear,Suits,36,20,"2023-12-19 20:48:18","2024-10-27 20:48:18"
294,"Suits Menswear 14",149.98,461,50,59,https://images.unsplash.com/photo-1512436991641-6745cdb1723f,"High quality suits from the menswear collection, suitable for all occasions.",menswear,Suits,44,14,"2023-12-24 20:48:18","2024-10-03 20:48:18"
295,"Suits Menswear 15",161.70,514,417,30,https://images.unsplash.com/photo-1512436991641-6745cdb1723f,"High quality suits from the menswear collection, suitable for all occasions.",menswear,Suits,3,9,"2024-03-13 20:48:18","2024-10-10 20:48:18"
296,"Suits Menswear 16",88.00,318,332,91,https://images.unsplash.com/photo-1512436991641-6745cdb1723f,"High quality suits from the menswear collection, suitable for all occasions.",menswear,Suits,38,7,"2024-06-27 20:48:18","2024-10-01 20:48:18"
297,"Suits Menswear 17",48.71,168,471,15,https://images.unsplash.com/photo-1512436991641-6745cdb1723f,"High quality suits from the menswear collection, suitable for all occasions.",menswear,Suits,27,1,"2024-07-25 20:48:18","2024-10-23 20:48:18"
298,"Suits Menswear 18",190.77,384,311,43,https://images.unsplash.com/photo-1512436991641-6745cdb1723f,"High quality suits from the menswear collection, suitable for all occasions.",menswear,Suits,45,15,"2024-03-09 20:48:18","2024-10-24 20:48:18"
299,"Suits Menswear 19",132.85,214,275,41,https://images.unsplash.com/photo-1512436991641-6745cdb1723f,"High quality suits from the menswear collection, suitable for all occasions.",menswear,Suits,32,14,"2023-11-20 20:48:18","2024-10-13 20:48:18"
300,"Suits Menswear 20",60.82,637,222,10,https://images.unsplash.com/photo-1512436991641-6745cdb1723f,"High quality suits from the menswear collection, suitable for all occasions.",menswear,Suits,43,11,"2024-04-06 20:48:18","2024-10-07 20:48:18"
301,"Casual Menswear 1",53.94,176,241,29,https://images.unsplash.com/photo-1512436991641-6745cdb1723f,"High quality casual from the menswear collection, suitable for all occasions.",menswear,Casual,19,17,"2023-11-25 20:48:18","2024-10-23 20:48:18"
302,"Casual Menswear 2",44.01,269,454,30,https://images.unsplash.com/photo-1512436991641-6745cdb1723f,"High quality casual from the menswear collection, suitable for all occasions.",menswear,Casual,31,18,"2024-07-09 20:48:18","2024-10-23 20:48:18"
303,"Casual Menswear 3",125.44,709,279,91,https://images.unsplash.com/photo-1512436991641-6745cdb1723f,"High quality casual from the menswear collection, suitable for all occasions.",menswear,Casual,7,4,"2024-03-17 20:48:18","2024-09-30 20:48:18"
304,"Casual Menswear 4",141.62,211,260,48,https://images.unsplash.com/photo-1512436991641-6745cdb1723f,"High quality casual from the menswear collection, suitable for all occasions.",menswear,Casual,35,5,"2023-12-07 20:48:18","2024-09-30 20:48:18"
305,"Casual Menswear 5",178.49,296,111,80,https://images.unsplash.com/photo-1512436991641-6745cdb1723f,"High quality casual from the menswear collection, suitable for all occasions.",menswear,Casual,2,11,"2024-04-03 20:48:18","2024-10-07 20:48:18"
306,"Casual Menswear 6",127.41,743,119,63,https://images.unsplash.com/photo-1512436991641-6745cdb1723f,"High quality casual from the menswear collection, suitable for all occasions.",menswear,Casual,30,9,"2023-12-01 20:48:18","2024-10-04 20:48:18"
307,"Casual Menswear 7",36.73,492,294,88,https://images.unsplash.com/photo-1512436991641-6745cdb1723f,"High quality casual from the menswear collection, suitable for all occasions.",menswear,Casual,22,20,"2023-11-06 20:48:18","2024-10-04 20:48:18"
308,"Casual Menswear 8",190.68,402,68,28,https://images.unsplash.com/photo-1512436991641-6745cdb1723f,"High quality casual from the menswear collection, suitable for all occasions.",menswear,Casual,8,5,"2024-06-16 20:48:18","2024-10-17 20:48:18"
309,"Casual Menswear 9",109.75,637,263,10,https://images.unsplash.com/photo-1512436991641-6745cdb1723f,"High quality casual from the menswear collection, suitable for all occasions.",menswear,Casual,0,9,"2023-11-26 20:48:18","2024-10-28 20:48:18"
310,"Casual Menswear 10",62.01,681,97,36,https://images.unsplash.com/photo-1512436991641-6745cdb1723f,"High quality casual from the menswear collection, suitable for all occasions.",menswear,Casual,8,6,"2024-08-12 20:48:18","2024-10-11 20:48:18"
311,"Casual Menswear 11",16.61,558,361,34,https://images.unsplash.com/photo-1512436991641-6745cdb1723f,"High quality casual from the menswear collection, suitable for all occasions.",menswear,Casual,50,0,"2024-05-04 20:48:18","2024-10-01 20:48:18"
312,"Casual Menswear 12",131.42,638,217,38,https://images.unsplash.com/photo-1512436991641-6745cdb1723f,"High quality casual from the menswear collection, suitable for all occasions.",menswear,Casual,25,5,"2023-12-26 20:48:18","2024-09-28 20:48:18"
313,"Casual Menswear 13",137.18,160,142,41,https://images.unsplash.com/photo-1512436991641-6745cdb1723f,"High quality casual from the menswear collection, suitable for all occasions.",menswear,Casual,16,10,"2024-03-02 20:48:18","2024-10-03 20:48:18"
314,"Casual Menswear 14",136.63,952,399,76,https://images.unsplash.com/photo-1512436991641-6745cdb1723f,"High quality casual from the menswear collection, suitable for all occasions.",menswear,Casual,17,0,"2024-03-20 20:48:18","2024-10-14 20:48:18"
315,"Casual Menswear 15",141.57,886,100,89,https://images.unsplash.com/photo-1512436991641-6745cdb1723f,"High quality casual from the menswear collection, suitable for all occasions.",menswear,Casual,42,15,"2024-05-19 20:48:18","2024-10-17 20:48:18"
316,"Casual Menswear 16",88.96,987,181,30,https://images.unsplash.com/photo-1512436991641-6745cdb1723f,"High quality casual from the menswear collection, suitable for all occasions.",menswear,Casual,45,6,"2024-01-19 20:48:18","2024-10-28 20:48:18"
317,"Casual Menswear 17",109.11,258,108,34,https://images.unsplash.com/photo-1512436991641-6745cdb1723f,"High quality casual from the menswear collection, suitable for all occasions.",menswear,Casual,35,17,"2024-07-31 20:48:18","2024-10-04 20:48:18"
318,"Casual Menswear 18",164.04,629,410,74,https://images.unsplash.com/photo-1512436991641-6745cdb1723f,"High quality casual from the menswear collection, suitable for all occasions.",menswear,Casual,10,14,"2024-01-28 20:48:18","2024-09-29 20:48:18"
319,"Casual Menswear 19",38.95,587,456,60,https://images.unsplash.com/photo-1512436991641-6745cdb1723f,"High quality casual from the menswear collection, suitable for all occasions.",menswear,Casual,0,17,"2024-06-12 20:48:18","2024-10-21 20:48:18"
320,"Casual Menswear 20",195.46,141,477,70,https://images.unsplash.com/photo-1512436991641-6745cdb1723f,"High quality casual from the menswear collection, suitable for all occasions.",menswear,Casual,39,11,"2024-01-01 20:48:18","2024-10-11 20:48:18"
